{"camera_matrix": [[739.9093380895572, 0.0, 567.9180122641221], [0.0, 738.914511900679, 341.73167756377745], [0.0, 0.0, 1.0]], "distortion": [[-0.3875763721460066, 0.19664151796133394, -0.002655907917195645, -0.0010604692472522396, -0.05989203496322011]]}